Week_Number,Sen_I_en,Sen_D_en,Sen_S_en,Sen_I_fr,Sen_D_fr,Sen_S_fr,Sen_I_cn,Sen_D_cn,Sen_S_cn,Sen_I_de,Sen_D_de,Sen_S_de,Sen_I_es,Sen_D_es,Sen_S_es,Sen_I_it,Sen_D_it,Sen_S_it,Close_I,Close_D,Close_S
Week_1,0,0,1,0,0,1,0,0,1,0,0,1,0,0,1,0,0,1,0,0,1
Week_2,0,0,1,0,0,1,0,0,1,0,0,1,0,0,1,0,0,1,0,0,1
Week_3,0,0,1,0,0,1,0,0,1,0,0,1,0,0,1,0,0,1,0,0,1
Week_4,0,0,1,0,0,1,0,0,1,0,0,1,0,0,1,0,0,1,0,0,1
Week_5,0,0,1,0,0,1,0,0,1,0,0,1,0,0,1,0,0,1,0,0,1
Week_6,0,0,1,0,0,1,0,0,1,0,0,1,0,0,1,0,0,1,0,0,1
Week_7,0,0,1,0,0,1,0,0,1,0,0,1,0,0,1,0,0,1,0,0,1
Week_8,0,0,1,0,0,1,0,0,1,0,0,1,0,0,1,0,0,1,0,0,1
Week_9,0,0,1,0,0,1,0,0,1,0,0,1,0,0,1,0,0,1,0,0,1
Week_10,0,0,1,0,0,1,0,0,1,0,0,1,0,0,1,0,0,1,0,0,1
Week_11,0,0,1,0,0,1,0,0,1,0,0,1,0,0,1,0,0,1,0,0,1
Week_12,0,0,1,0,0,1,0,0,1,0,0,1,0,0,1,0,0,1,0,0,1
Week_13,0,0,1,0,0,1,0,0,1,0,0,1,0,0,1,0,0,1,0,0,1
Week_14,0,0,1,0,0,1,0,0,1,0,0,1,0,0,1,0,0,1,0,0,1
Week_15,0,0,1,0,0,1,0,0,1,0,0,1,0,0,1,0,0,1,0,0,1
Week_16,0,0,1,0,0,1,0,0,1,0,0,1,0,0,1,0,0,1,0,0,1
Week_17,0,0,1,0,0,1,0,0,1,0,0,1,0,0,1,0,0,1,0,0,1
Week_18,0,0,1,0,0,1,0,0,1,0,0,1,0,0,1,0,0,1,0,0,1
Week_19,0,0,1,0,0,1,0,0,1,0,0,1,0,0,1,0,0,1,0,0,1
Week_20,0,0,1,0,0,1,0,0,1,0,0,1,0,0,1,0,0,1,0,0,1
Week_21,0,0,1,0,0,1,0,0,1,0,0,1,0,0,1,0,0,1,0,0,1
Week_22,0,0,1,0,0,1,0,0,1,0,0,1,0,0,1,0,0,1,0,0,1
Week_23,0,0,1,0,0,1,0,0,1,0,0,1,0,0,1,0,0,1,0,0,1
Week_24,0,0,1,0,0,1,0,0,1,0,0,1,0,0,1,0,0,1,0,0,1
Week_25,0,0,1,0,0,1,0,0,1,0,0,1,0,0,1,0,0,1,0,0,1
Week_26,0,0,1,0,0,1,0,0,1,0,0,1,0,0,1,0,0,1,0,0,1
Week_27,0,0,1,0,0,1,0,0,1,0,0,1,0,0,1,0,0,1,0,0,1
Week_28,0,0,1,0,0,1,0,0,1,0,0,1,0,0,1,0,0,1,0,0,1
Week_29,0,0,1,0,0,1,0,0,1,0,0,1,0,0,1,0,0,1,0,0,1
Week_30,0,0,1,0,0,1,0,0,1,0,0,1,0,0,1,0,0,1,0,0,1
Week_31,0,0,1,0,0,1,0,0,1,0,0,1,0,0,1,0,0,1,0,0,1
Week_32,0,0,1,0,0,1,0,0,1,0,0,1,0,0,1,0,0,1,0,0,1
Week_33,0,0,1,0,0,1,0,0,1,0,0,1,0,0,1,0,0,1,0,0,1
Week_34,0,0,1,0,0,1,0,0,1,0,0,1,0,0,1,0,0,1,0,0,1
Week_35,0,0,1,0,0,1,0,0,1,0,0,1,0,0,1,0,0,1,0,0,1
Week_36,0,0,1,0,0,1,0,0,1,0,0,1,0,0,1,0,0,1,0,0,1
Week_37,0,0,1,0,0,1,0,0,1,0,0,1,0,0,1,0,0,1,0,0,1
Week_38,0,0,1,0,0,1,0,0,1,0,0,1,0,0,1,0,0,1,0,0,1
Week_39,0,0,1,0,0,1,0,0,1,0,0,1,0,0,1,0,0,1,0,0,1
Week_40,0,0,1,0,0,1,0,0,1,0,0,1,0,0,1,0,0,1,0,0,1
Week_41,0,0,1,0,0,1,0,0,1,0,0,1,0,0,1,0,0,1,0,0,1
Week_42,0,0,1,0,0,1,0,0,1,0,0,1,0,0,1,0,0,1,0,0,1
Week_43,0,0,1,0,0,1,0,0,1,0,0,1,0,0,1,0,0,1,0,0,1
Week_44,0,0,1,0,0,1,0,0,1,0,0,1,0,0,1,0,0,1,0,0,1
Week_45,0,0,1,0,0,1,0,0,1,0,0,1,0,0,1,0,0,1,0,0,1
Week_46,0,0,1,0,0,1,0,0,1,0,0,1,0,0,1,0,0,1,0,0,1
Week_47,0,0,1,0,0,1,0,0,1,0,0,1,0,0,1,0,0,1,0,0,1
Week_48,0,0,1,0,0,1,0,0,1,0,0,1,0,0,1,0,0,1,0,0,1
Week_49,0,0,1,0,0,1,0,0,1,0,0,1,0,0,1,0,0,1,0,0,1
Week_50,0,0,1,0,0,1,0,0,1,0,0,1,0,0,1,0,0,1,0,0,1
Week_51,1,0,0,0,1,0,0,0,1,0,1,0,0,0,1,1,0,0,1,0,0
Week_52,1,0,0,0,1,0,0,0,1,0,1,0,0,0,1,1,0,0,1,0,0
Week_53,1,0,0,0,1,0,0,0,1,0,1,0,0,0,1,1,0,0,1,0,0
Week_54,1,0,0,0,1,0,0,0,1,0,1,0,0,0,1,1,0,0,1,0,0
Week_55,1,0,0,0,1,0,0,0,1,0,1,0,0,0,1,1,0,0,1,0,0
Week_56,1,0,0,0,1,0,0,0,1,0,1,0,0,0,1,1,0,0,1,0,0
Week_57,1,0,0,0,1,0,0,0,1,0,1,0,0,0,1,1,0,0,1,0,0
Week_58,1,0,0,0,1,0,0,0,1,0,1,0,0,0,1,1,0,0,1,0,0
Week_59,1,0,0,0,1,0,0,0,1,0,1,0,0,0,1,1,0,0,1,0,0
Week_60,1,0,0,0,1,0,0,0,1,0,1,0,0,0,1,1,0,0,1,0,0
Week_61,1,0,0,0,1,0,0,0,1,0,1,0,0,0,1,1,0,0,1,0,0
Week_62,1,0,0,0,1,0,0,0,1,0,1,0,0,0,1,1,0,0,1,0,0
Week_63,1,0,0,0,1,0,0,0,1,0,1,0,0,0,1,1,0,0,1,0,0
Week_64,1,0,0,0,1,0,0,0,1,0,1,0,0,0,1,1,0,0,1,0,0
Week_65,1,0,0,0,1,0,0,0,1,0,1,0,0,0,1,1,0,0,1,0,0
Week_66,1,0,0,0,1,0,0,0,1,0,1,0,0,0,1,1,0,0,1,0,0
Week_67,1,0,0,0,1,0,0,0,1,0,1,0,0,0,1,1,0,0,1,0,0
Week_68,1,0,0,0,1,0,0,0,1,0,1,0,0,0,1,1,0,0,1,0,0
Week_69,1,0,0,0,1,0,0,0,1,0,1,0,0,0,1,1,0,0,1,0,0
Week_70,1,0,0,0,1,0,0,0,1,0,1,0,0,0,1,1,0,0,1,0,0
Week_71,1,0,0,0,1,0,0,0,1,0,1,0,0,0,1,1,0,0,1,0,0
Week_72,1,0,0,0,1,0,0,0,1,0,1,0,0,0,1,1,0,0,1,0,0
Week_73,1,0,0,0,1,0,0,0,1,0,1,0,0,0,1,1,0,0,1,0,0
Week_74,1,0,0,0,1,0,0,0,1,0,1,0,0,0,1,1,0,0,1,0,0
Week_75,1,0,0,0,1,0,0,0,1,0,1,0,0,0,1,1,0,0,1,0,0
Week_76,1,0,0,0,1,0,0,0,1,0,1,0,0,0,1,1,0,0,1,0,0
Week_77,1,0,0,0,1,0,0,0,1,0,1,0,0,0,1,1,0,0,1,0,0
Week_78,1,0,0,0,1,0,0,0,1,0,1,0,0,0,1,1,0,0,1,0,0
Week_79,1,0,0,0,1,0,0,0,1,0,1,0,0,0,1,1,0,0,1,0,0
Week_80,1,0,0,0,1,0,0,0,1,0,1,0,0,0,1,1,0,0,1,0,0
Week_81,1,0,0,0,1,0,0,0,1,0,1,0,0,0,1,1,0,0,1,0,0
Week_82,1,0,0,0,1,0,0,0,1,0,1,0,0,0,1,1,0,0,1,0,0
Week_83,1,0,0,0,1,0,0,0,1,0,1,0,0,0,1,1,0,0,1,0,0
Week_84,1,0,0,0,1,0,0,0,1,0,1,0,0,0,1,1,0,0,1,0,0
Week_85,1,0,0,0,1,0,0,0,1,0,1,0,0,0,1,1,0,0,1,0,0
Week_86,1,0,0,0,1,0,0,0,1,0,1,0,0,0,1,1,0,0,1,0,0
Week_87,1,0,0,0,1,0,0,0,1,0,1,0,0,0,1,1,0,0,1,0,0
Week_88,1,0,0,0,1,0,0,0,1,0,1,0,0,0,1,1,0,0,1,0,0
Week_89,1,0,0,0,1,0,0,0,1,0,1,0,0,0,1,1,0,0,1,0,0
Week_90,1,0,0,0,1,0,0,0,1,0,1,0,0,0,1,1,0,0,1,0,0
Week_91,1,0,0,0,1,0,0,0,1,0,1,0,0,0,1,1,0,0,1,0,0
Week_92,1,0,0,0,1,0,0,0,1,0,1,0,0,0,1,1,0,0,1,0,0
Week_93,1,0,0,0,1,0,0,0,1,0,1,0,0,0,1,1,0,0,1,0,0
Week_94,1,0,0,0,1,0,0,0,1,0,1,0,0,0,1,1,0,0,1,0,0
Week_95,1,0,0,0,1,0,0,0,1,0,1,0,0,0,1,1,0,0,1,0,0
Week_96,1,0,0,0,1,0,0,0,1,0,1,0,0,0,1,1,0,0,1,0,0
Week_97,1,0,0,0,1,0,0,0,1,0,1,0,0,0,1,1,0,0,1,0,0
Week_98,1,0,0,0,1,0,0,0,1,0,1,0,0,0,1,1,0,0,1,0,0
Week_99,1,0,0,0,1,0,0,0,1,0,1,0,0,0,1,1,0,0,1,0,0
Week_100,1,0,0,0,1,0,0,0,1,0,1,0,0,0,1,1,0,0,1,0,0
Week_101,0,1,0,0,0,1,0,0,1,0,1,0,0,0,1,1,0,0,1,0,0
Week_102,0,1,0,0,0,1,0,0,1,0,1,0,0,0,1,1,0,0,1,0,0
Week_103,0,1,0,0,0,1,0,0,1,0,1,0,0,0,1,1,0,0,1,0,0
Week_104,0,1,0,0,0,1,0,0,1,0,1,0,0,0,1,1,0,0,1,0,0
Week_105,0,1,0,0,0,1,0,0,1,0,1,0,0,0,1,1,0,0,1,0,0
Week_106,0,1,0,0,0,1,0,0,1,0,1,0,0,0,1,1,0,0,1,0,0
Week_107,0,1,0,0,0,1,0,0,1,0,1,0,0,0,1,1,0,0,1,0,0
Week_108,0,1,0,0,0,1,0,0,1,0,1,0,0,0,1,1,0,0,1,0,0
Week_109,0,1,0,0,0,1,0,0,1,0,1,0,0,0,1,1,0,0,1,0,0
Week_110,0,1,0,0,0,1,0,0,1,0,1,0,0,0,1,1,0,0,1,0,0
Week_111,0,1,0,0,0,1,0,0,1,0,1,0,0,0,1,1,0,0,1,0,0
Week_112,0,1,0,0,0,1,0,0,1,0,1,0,0,0,1,1,0,0,1,0,0
Week_113,0,1,0,0,0,1,0,0,1,0,1,0,0,0,1,1,0,0,1,0,0
Week_114,0,1,0,0,0,1,0,0,1,0,1,0,0,0,1,1,0,0,1,0,0
Week_115,0,1,0,0,0,1,0,0,1,0,1,0,0,0,1,1,0,0,1,0,0
Week_116,0,1,0,0,0,1,0,0,1,0,1,0,0,0,1,1,0,0,1,0,0
Week_117,0,1,0,0,0,1,0,0,1,0,1,0,0,0,1,1,0,0,1,0,0
Week_118,0,1,0,0,0,1,0,0,1,0,1,0,0,0,1,1,0,0,1,0,0
Week_119,0,1,0,0,0,1,0,0,1,0,1,0,0,0,1,1,0,0,1,0,0
Week_120,0,1,0,0,0,1,0,0,1,0,1,0,0,0,1,1,0,0,1,0,0
Week_121,0,1,0,0,0,1,0,0,1,0,1,0,0,0,1,1,0,0,1,0,0
Week_122,0,1,0,0,0,1,0,0,1,0,1,0,0,0,1,1,0,0,1,0,0
Week_123,0,1,0,0,0,1,0,0,1,0,1,0,0,0,1,1,0,0,1,0,0
Week_124,0,1,0,0,0,1,0,0,1,0,1,0,0,0,1,1,0,0,1,0,0
Week_125,0,1,0,0,0,1,0,0,1,0,1,0,0,0,1,1,0,0,1,0,0
Week_126,0,1,0,0,0,1,0,0,1,0,1,0,0,0,1,1,0,0,1,0,0
Week_127,0,1,0,0,0,1,0,0,1,0,1,0,0,0,1,1,0,0,1,0,0
Week_128,0,1,0,0,0,1,0,0,1,0,1,0,0,0,1,1,0,0,1,0,0
Week_129,0,1,0,0,0,1,0,0,1,0,1,0,0,0,1,1,0,0,1,0,0
Week_130,0,1,0,0,0,1,0,0,1,0,1,0,0,0,1,1,0,0,1,0,0
Week_131,0,1,0,0,0,1,0,0,1,0,1,0,0,0,1,1,0,0,1,0,0
Week_132,0,1,0,0,0,1,0,0,1,0,1,0,0,0,1,1,0,0,1,0,0
Week_133,0,1,0,0,0,1,0,0,1,0,1,0,0,0,1,1,0,0,1,0,0
Week_134,0,1,0,0,0,1,0,0,1,0,1,0,0,0,1,1,0,0,1,0,0
Week_135,0,1,0,0,0,1,0,0,1,0,1,0,0,0,1,1,0,0,1,0,0
Week_136,0,1,0,0,0,1,0,0,1,0,1,0,0,0,1,1,0,0,1,0,0
Week_137,0,1,0,0,0,1,0,0,1,0,1,0,0,0,1,1,0,0,1,0,0
Week_138,0,1,0,0,0,1,0,0,1,0,1,0,0,0,1,1,0,0,1,0,0
Week_139,0,1,0,0,0,1,0,0,1,0,1,0,0,0,1,1,0,0,1,0,0
Week_140,0,1,0,0,0,1,0,0,1,0,1,0,0,0,1,1,0,0,1,0,0
Week_141,0,1,0,0,0,1,0,0,1,0,1,0,0,0,1,1,0,0,1,0,0
Week_142,0,1,0,0,0,1,0,0,1,0,1,0,0,0,1,1,0,0,1,0,0
Week_143,0,1,0,0,0,1,0,0,1,0,1,0,0,0,1,1,0,0,1,0,0
Week_144,0,1,0,0,0,1,0,0,1,0,1,0,0,0,1,1,0,0,1,0,0
Week_145,0,1,0,0,0,1,0,0,1,0,1,0,0,0,1,1,0,0,1,0,0
Week_146,0,1,0,0,0,1,0,0,1,0,1,0,0,0,1,1,0,0,1,0,0
Week_147,0,1,0,0,0,1,0,0,1,0,1,0,0,0,1,1,0,0,1,0,0
Week_148,0,1,0,0,0,1,0,0,1,0,1,0,0,0,1,1,0,0,1,0,0
Week_149,0,1,0,0,0,1,0,0,1,0,1,0,0,0,1,1,0,0,1,0,0
Week_150,0,1,0,0,0,1,0,0,1,0,1,0,0,0,1,1,0,0,1,0,0
Week_151,0,1,0,0,0,1,0,0,1,1,0,0,0,1,0,0,1,0,0,1,0
Week_152,0,1,0,0,0,1,0,0,1,1,0,0,0,1,0,0,1,0,0,1,0
Week_153,0,1,0,0,0,1,0,0,1,1,0,0,0,1,0,0,1,0,0,1,0
Week_154,0,1,0,0,0,1,0,0,1,1,0,0,0,1,0,0,1,0,0,1,0
Week_155,0,1,0,0,0,1,0,0,1,1,0,0,0,1,0,0,1,0,0,1,0
Week_156,0,1,0,0,0,1,0,0,1,1,0,0,0,1,0,0,1,0,0,1,0
Week_157,0,1,0,0,0,1,0,0,1,1,0,0,0,1,0,0,1,0,0,1,0
Week_158,0,1,0,0,0,1,0,0,1,1,0,0,0,1,0,0,1,0,0,1,0
Week_159,0,1,0,0,0,1,0,0,1,1,0,0,0,1,0,0,1,0,0,1,0
Week_160,0,1,0,0,0,1,0,0,1,1,0,0,0,1,0,0,1,0,0,1,0
Week_161,0,1,0,0,0,1,0,0,1,1,0,0,0,1,0,0,1,0,0,1,0
Week_162,0,1,0,0,0,1,0,0,1,1,0,0,0,1,0,0,1,0,0,1,0
Week_163,0,1,0,0,0,1,0,0,1,1,0,0,0,1,0,0,1,0,0,1,0
Week_164,0,1,0,0,0,1,0,0,1,1,0,0,0,1,0,0,1,0,0,1,0
Week_165,0,1,0,0,0,1,0,0,1,1,0,0,0,1,0,0,1,0,0,1,0
Week_166,0,1,0,0,0,1,0,0,1,1,0,0,0,1,0,0,1,0,0,1,0
Week_167,0,1,0,0,0,1,0,0,1,1,0,0,0,1,0,0,1,0,0,1,0
Week_168,0,1,0,0,0,1,0,0,1,1,0,0,0,1,0,0,1,0,0,1,0
Week_169,0,1,0,0,0,1,0,0,1,1,0,0,0,1,0,0,1,0,0,1,0
Week_170,0,1,0,0,0,1,0,0,1,1,0,0,0,1,0,0,1,0,0,1,0
Week_171,0,1,0,0,0,1,0,0,1,1,0,0,0,1,0,0,1,0,0,1,0
Week_172,0,1,0,0,0,1,0,0,1,1,0,0,0,1,0,0,1,0,0,1,0
Week_173,0,1,0,0,0,1,0,0,1,1,0,0,0,1,0,0,1,0,0,1,0
Week_174,0,1,0,0,0,1,0,0,1,1,0,0,0,1,0,0,1,0,0,1,0
Week_175,0,1,0,0,0,1,0,0,1,1,0,0,0,1,0,0,1,0,0,1,0
Week_176,0,1,0,0,0,1,0,0,1,1,0,0,0,1,0,0,1,0,0,1,0
Week_177,0,1,0,0,0,1,0,0,1,1,0,0,0,1,0,0,1,0,0,1,0
Week_178,0,1,0,0,0,1,0,0,1,1,0,0,0,1,0,0,1,0,0,1,0
Week_179,0,1,0,0,0,1,0,0,1,1,0,0,0,1,0,0,1,0,0,1,0
Week_180,0,1,0,0,0,1,0,0,1,1,0,0,0,1,0,0,1,0,0,1,0
Week_181,0,1,0,0,0,1,0,0,1,1,0,0,0,1,0,0,1,0,0,1,0
Week_182,0,1,0,0,0,1,0,0,1,1,0,0,0,1,0,0,1,0,0,1,0
Week_183,0,1,0,0,0,1,0,0,1,1,0,0,0,1,0,0,1,0,0,1,0
Week_184,0,1,0,0,0,1,0,0,1,1,0,0,0,1,0,0,1,0,0,1,0
Week_185,0,1,0,0,0,1,0,0,1,1,0,0,0,1,0,0,1,0,0,1,0
Week_186,0,1,0,0,0,1,0,0,1,1,0,0,0,1,0,0,1,0,0,1,0
Week_187,0,1,0,0,0,1,0,0,1,1,0,0,0,1,0,0,1,0,0,1,0
Week_188,0,1,0,0,0,1,0,0,1,1,0,0,0,1,0,0,1,0,0,1,0
Week_189,0,1,0,0,0,1,0,0,1,1,0,0,0,1,0,0,1,0,0,1,0
Week_190,0,1,0,0,0,1,0,0,1,1,0,0,0,1,0,0,1,0,0,1,0
Week_191,0,1,0,0,0,1,0,0,1,1,0,0,0,1,0,0,1,0,0,1,0
Week_192,0,1,0,0,0,1,0,0,1,1,0,0,0,1,0,0,1,0,0,1,0
Week_193,0,1,0,0,0,1,0,0,1,1,0,0,0,1,0,0,1,0,0,1,0
Week_194,0,1,0,0,0,1,0,0,1,1,0,0,0,1,0,0,1,0,0,1,0
Week_195,0,1,0,0,0,1,0,0,1,1,0,0,0,1,0,0,1,0,0,1,0
Week_196,0,1,0,0,0,1,0,0,1,1,0,0,0,1,0,0,1,0,0,1,0
Week_197,0,1,0,0,0,1,0,0,1,1,0,0,0,1,0,0,1,0,0,1,0
Week_198,0,1,0,0,0,1,0,0,1,1,0,0,0,1,0,0,1,0,0,1,0
Week_199,0,1,0,0,0,1,0,0,1,1,0,0,0,1,0,0,1,0,0,1,0
Week_200,0,1,0,0,0,1,0,0,1,1,0,0,0,1,0,0,1,0,0,1,0
Week_201,0,1,0,1,0,0,0,0,1,1,0,0,1,0,0,0,1,0,1,0,0
Week_202,0,1,0,1,0,0,0,0,1,1,0,0,1,0,0,0,1,0,1,0,0
Week_203,0,1,0,1,0,0,0,0,1,1,0,0,1,0,0,0,1,0,1,0,0
Week_204,0,1,0,1,0,0,0,0,1,1,0,0,1,0,0,0,1,0,1,0,0
Week_205,0,1,0,1,0,0,0,0,1,1,0,0,1,0,0,0,1,0,1,0,0
Week_206,0,1,0,1,0,0,0,0,1,1,0,0,1,0,0,0,1,0,1,0,0
Week_207,0,1,0,1,0,0,0,0,1,1,0,0,1,0,0,0,1,0,1,0,0
Week_208,0,1,0,1,0,0,0,0,1,1,0,0,1,0,0,0,1,0,1,0,0
Week_209,0,1,0,1,0,0,0,0,1,1,0,0,1,0,0,0,1,0,1,0,0
Week_210,0,1,0,1,0,0,0,0,1,1,0,0,1,0,0,0,1,0,1,0,0
Week_211,0,1,0,1,0,0,0,0,1,1,0,0,1,0,0,0,1,0,1,0,0
Week_212,0,1,0,1,0,0,0,0,1,1,0,0,1,0,0,0,1,0,1,0,0
Week_213,0,1,0,1,0,0,0,0,1,1,0,0,1,0,0,0,1,0,1,0,0
Week_214,0,1,0,1,0,0,0,0,1,1,0,0,1,0,0,0,1,0,1,0,0
Week_215,0,1,0,1,0,0,0,0,1,1,0,0,1,0,0,0,1,0,1,0,0
Week_216,0,1,0,1,0,0,0,0,1,1,0,0,1,0,0,0,1,0,1,0,0
Week_217,0,1,0,1,0,0,0,0,1,1,0,0,1,0,0,0,1,0,1,0,0
Week_218,0,1,0,1,0,0,0,0,1,1,0,0,1,0,0,0,1,0,1,0,0
Week_219,0,1,0,1,0,0,0,0,1,1,0,0,1,0,0,0,1,0,1,0,0
Week_220,0,1,0,1,0,0,0,0,1,1,0,0,1,0,0,0,1,0,1,0,0
Week_221,0,1,0,1,0,0,0,0,1,1,0,0,1,0,0,0,1,0,1,0,0
Week_222,0,1,0,1,0,0,0,0,1,1,0,0,1,0,0,0,1,0,1,0,0
Week_223,0,1,0,1,0,0,0,0,1,1,0,0,1,0,0,0,1,0,1,0,0
Week_224,0,1,0,1,0,0,0,0,1,1,0,0,1,0,0,0,1,0,1,0,0
Week_225,0,1,0,1,0,0,0,0,1,1,0,0,1,0,0,0,1,0,1,0,0
Week_226,0,1,0,1,0,0,0,0,1,1,0,0,1,0,0,0,1,0,1,0,0
Week_227,0,1,0,1,0,0,0,0,1,1,0,0,1,0,0,0,1,0,1,0,0
Week_228,0,1,0,1,0,0,0,0,1,1,0,0,1,0,0,0,1,0,1,0,0
Week_229,0,1,0,1,0,0,0,0,1,1,0,0,1,0,0,0,1,0,1,0,0
Week_230,0,1,0,1,0,0,0,0,1,1,0,0,1,0,0,0,1,0,1,0,0
Week_231,0,1,0,1,0,0,0,0,1,1,0,0,1,0,0,0,1,0,1,0,0
Week_232,0,1,0,1,0,0,0,0,1,1,0,0,1,0,0,0,1,0,1,0,0
Week_233,0,1,0,1,0,0,0,0,1,1,0,0,1,0,0,0,1,0,1,0,0
Week_234,0,1,0,1,0,0,0,0,1,1,0,0,1,0,0,0,1,0,1,0,0
Week_235,0,1,0,1,0,0,0,0,1,1,0,0,1,0,0,0,1,0,1,0,0
Week_236,0,1,0,1,0,0,0,0,1,1,0,0,1,0,0,0,1,0,1,0,0
Week_237,0,1,0,1,0,0,0,0,1,1,0,0,1,0,0,0,1,0,1,0,0
Week_238,0,1,0,1,0,0,0,0,1,1,0,0,1,0,0,0,1,0,1,0,0
Week_239,0,1,0,1,0,0,0,0,1,1,0,0,1,0,0,0,1,0,1,0,0
Week_240,0,1,0,1,0,0,0,0,1,1,0,0,1,0,0,0,1,0,1,0,0
Week_241,0,1,0,1,0,0,0,0,1,1,0,0,1,0,0,0,1,0,1,0,0
Week_242,0,1,0,1,0,0,0,0,1,1,0,0,1,0,0,0,1,0,1,0,0
Week_243,0,1,0,1,0,0,0,0,1,1,0,0,1,0,0,0,1,0,1,0,0
Week_244,0,1,0,1,0,0,0,0,1,1,0,0,1,0,0,0,1,0,1,0,0
Week_245,0,1,0,1,0,0,0,0,1,1,0,0,1,0,0,0,1,0,1,0,0
Week_246,0,1,0,1,0,0,0,0,1,1,0,0,1,0,0,0,1,0,1,0,0
Week_247,0,1,0,1,0,0,0,0,1,1,0,0,1,0,0,0,1,0,1,0,0
Week_248,0,1,0,1,0,0,0,0,1,1,0,0,1,0,0,0,1,0,1,0,0
Week_249,0,1,0,1,0,0,0,0,1,1,0,0,1,0,0,0,1,0,1,0,0
Week_250,0,1,0,1,0,0,0,0,1,1,0,0,1,0,0,0,1,0,1,0,0
Week_251,1,0,0,0,1,0,0,0,1,0,1,0,0,0,1,1,0,0,1,0,0
Week_252,1,0,0,0,1,0,0,0,1,0,1,0,0,0,1,1,0,0,1,0,0
Week_253,1,0,0,0,1,0,0,0,1,0,1,0,0,0,1,1,0,0,1,0,0
Week_254,1,0,0,0,1,0,0,0,1,0,1,0,0,0,1,1,0,0,1,0,0
Week_255,1,0,0,0,1,0,0,0,1,0,1,0,0,0,1,1,0,0,1,0,0
Week_256,1,0,0,0,1,0,0,0,1,0,1,0,0,0,1,1,0,0,1,0,0
Week_257,1,0,0,0,1,0,0,0,1,0,1,0,0,0,1,1,0,0,1,0,0
Week_258,1,0,0,0,1,0,0,0,1,0,1,0,0,0,1,1,0,0,1,0,0
Week_259,1,0,0,0,1,0,0,0,1,0,1,0,0,0,1,1,0,0,1,0,0
Week_260,1,0,0,0,1,0,0,0,1,0,1,0,0,0,1,1,0,0,1,0,0
Week_261,1,0,0,0,1,0,0,0,1,0,1,0,0,0,1,1,0,0,1,0,0
Week_262,1,0,0,0,1,0,0,0,1,0,1,0,0,0,1,1,0,0,1,0,0
Week_263,1,0,0,0,1,0,0,0,1,0,1,0,0,0,1,1,0,0,1,0,0
Week_264,1,0,0,0,1,0,0,0,1,0,1,0,0,0,1,1,0,0,1,0,0
Week_265,1,0,0,0,1,0,0,0,1,0,1,0,0,0,1,1,0,0,1,0,0
Week_266,1,0,0,0,1,0,0,0,1,0,1,0,0,0,1,1,0,0,1,0,0
Week_267,1,0,0,0,1,0,0,0,1,0,1,0,0,0,1,1,0,0,1,0,0
Week_268,1,0,0,0,1,0,0,0,1,0,1,0,0,0,1,1,0,0,1,0,0
Week_269,1,0,0,0,1,0,0,0,1,0,1,0,0,0,1,1,0,0,1,0,0
Week_270,1,0,0,0,1,0,0,0,1,0,1,0,0,0,1,1,0,0,1,0,0
Week_271,1,0,0,0,1,0,0,0,1,0,1,0,0,0,1,1,0,0,1,0,0
Week_272,1,0,0,0,1,0,0,0,1,0,1,0,0,0,1,1,0,0,1,0,0
Week_273,1,0,0,0,1,0,0,0,1,0,1,0,0,0,1,1,0,0,1,0,0
Week_274,1,0,0,0,1,0,0,0,1,0,1,0,0,0,1,1,0,0,1,0,0
Week_275,1,0,0,0,1,0,0,0,1,0,1,0,0,0,1,1,0,0,1,0,0
Week_276,1,0,0,0,1,0,0,0,1,0,1,0,0,0,1,1,0,0,1,0,0
Week_277,1,0,0,0,1,0,0,0,1,0,1,0,0,0,1,1,0,0,1,0,0
Week_278,1,0,0,0,1,0,0,0,1,0,1,0,0,0,1,1,0,0,1,0,0
Week_279,1,0,0,0,1,0,0,0,1,0,1,0,0,0,1,1,0,0,1,0,0
Week_280,1,0,0,0,1,0,0,0,1,0,1,0,0,0,1,1,0,0,1,0,0
Week_281,1,0,0,0,1,0,0,0,1,0,1,0,0,0,1,1,0,0,1,0,0
Week_282,1,0,0,0,1,0,0,0,1,0,1,0,0,0,1,1,0,0,1,0,0
Week_283,1,0,0,0,1,0,0,0,1,0,1,0,0,0,1,1,0,0,1,0,0
Week_284,1,0,0,0,1,0,0,0,1,0,1,0,0,0,1,1,0,0,1,0,0
Week_285,1,0,0,0,1,0,0,0,1,0,1,0,0,0,1,1,0,0,1,0,0
Week_286,1,0,0,0,1,0,0,0,1,0,1,0,0,0,1,1,0,0,1,0,0
Week_287,1,0,0,0,1,0,0,0,1,0,1,0,0,0,1,1,0,0,1,0,0
Week_288,1,0,0,0,1,0,0,0,1,0,1,0,0,0,1,1,0,0,1,0,0
Week_289,1,0,0,0,1,0,0,0,1,0,1,0,0,0,1,1,0,0,1,0,0
Week_290,1,0,0,0,1,0,0,0,1,0,1,0,0,0,1,1,0,0,1,0,0
Week_291,1,0,0,0,1,0,0,0,1,0,1,0,0,0,1,1,0,0,1,0,0
Week_292,1,0,0,0,1,0,0,0,1,0,1,0,0,0,1,1,0,0,1,0,0
Week_293,1,0,0,0,1,0,0,0,1,0,1,0,0,0,1,1,0,0,1,0,0
Week_294,1,0,0,0,1,0,0,0,1,0,1,0,0,0,1,1,0,0,1,0,0
Week_295,1,0,0,0,1,0,0,0,1,0,1,0,0,0,1,1,0,0,1,0,0
Week_296,1,0,0,0,1,0,0,0,1,0,1,0,0,0,1,1,0,0,1,0,0
Week_297,1,0,0,0,1,0,0,0,1,0,1,0,0,0,1,1,0,0,1,0,0
Week_298,1,0,0,0,1,0,0,0,1,0,1,0,0,0,1,1,0,0,1,0,0
Week_299,1,0,0,0,1,0,0,0,1,0,1,0,0,0,1,1,0,0,1,0,0
Week_300,1,0,0,0,1,0,0,0,1,0,1,0,0,0,1,1,0,0,1,0,0
Week_301,0,1,0,1,0,0,0,0,1,1,0,0,0,0,1,1,0,0,1,0,0
Week_302,0,1,0,1,0,0,0,0,1,1,0,0,0,0,1,1,0,0,1,0,0
Week_303,0,1,0,1,0,0,0,0,1,1,0,0,0,0,1,1,0,0,1,0,0
Week_304,0,1,0,1,0,0,0,0,1,1,0,0,0,0,1,1,0,0,1,0,0
Week_305,0,1,0,1,0,0,0,0,1,1,0,0,0,0,1,1,0,0,1,0,0
Week_306,0,1,0,1,0,0,0,0,1,1,0,0,0,0,1,1,0,0,1,0,0
Week_307,0,1,0,1,0,0,0,0,1,1,0,0,0,0,1,1,0,0,1,0,0
Week_308,0,1,0,1,0,0,0,0,1,1,0,0,0,0,1,1,0,0,1,0,0
Week_309,0,1,0,1,0,0,0,0,1,1,0,0,0,0,1,1,0,0,1,0,0
Week_310,0,1,0,1,0,0,0,0,1,1,0,0,0,0,1,1,0,0,1,0,0
Week_311,0,1,0,1,0,0,0,0,1,1,0,0,0,0,1,1,0,0,1,0,0
Week_312,0,1,0,1,0,0,0,0,1,1,0,0,0,0,1,1,0,0,1,0,0
Week_313,0,1,0,1,0,0,0,0,1,1,0,0,0,0,1,1,0,0,1,0,0
Week_314,0,1,0,1,0,0,0,0,1,1,0,0,0,0,1,1,0,0,1,0,0
Week_315,0,1,0,1,0,0,0,0,1,1,0,0,0,0,1,1,0,0,1,0,0
Week_316,0,1,0,1,0,0,0,0,1,1,0,0,0,0,1,1,0,0,1,0,0
Week_317,0,1,0,1,0,0,0,0,1,1,0,0,0,0,1,1,0,0,1,0,0
Week_318,0,1,0,1,0,0,0,0,1,1,0,0,0,0,1,1,0,0,1,0,0
Week_319,0,1,0,1,0,0,0,0,1,1,0,0,0,0,1,1,0,0,1,0,0
Week_320,0,1,0,1,0,0,0,0,1,1,0,0,0,0,1,1,0,0,1,0,0
Week_321,0,1,0,1,0,0,0,0,1,1,0,0,0,0,1,1,0,0,1,0,0
Week_322,0,1,0,1,0,0,0,0,1,1,0,0,0,0,1,1,0,0,1,0,0
Week_323,0,1,0,1,0,0,0,0,1,1,0,0,0,0,1,1,0,0,1,0,0
Week_324,0,1,0,1,0,0,0,0,1,1,0,0,0,0,1,1,0,0,1,0,0
Week_325,0,1,0,1,0,0,0,0,1,1,0,0,0,0,1,1,0,0,1,0,0
Week_326,0,1,0,1,0,0,0,0,1,1,0,0,0,0,1,1,0,0,1,0,0
Week_327,0,1,0,1,0,0,0,0,1,1,0,0,0,0,1,1,0,0,1,0,0
Week_328,0,1,0,1,0,0,0,0,1,1,0,0,0,0,1,1,0,0,1,0,0
Week_329,0,1,0,1,0,0,0,0,1,1,0,0,0,0,1,1,0,0,1,0,0
Week_330,0,1,0,1,0,0,0,0,1,1,0,0,0,0,1,1,0,0,1,0,0
Week_331,0,1,0,1,0,0,0,0,1,1,0,0,0,0,1,1,0,0,1,0,0
Week_332,0,1,0,1,0,0,0,0,1,1,0,0,0,0,1,1,0,0,1,0,0
Week_333,0,1,0,1,0,0,0,0,1,1,0,0,0,0,1,1,0,0,1,0,0
Week_334,0,1,0,1,0,0,0,0,1,1,0,0,0,0,1,1,0,0,1,0,0
Week_335,0,1,0,1,0,0,0,0,1,1,0,0,0,0,1,1,0,0,1,0,0
Week_336,0,1,0,1,0,0,0,0,1,1,0,0,0,0,1,1,0,0,1,0,0
Week_337,0,1,0,1,0,0,0,0,1,1,0,0,0,0,1,1,0,0,1,0,0
Week_338,0,1,0,1,0,0,0,0,1,1,0,0,0,0,1,1,0,0,1,0,0
Week_339,0,1,0,1,0,0,0,0,1,1,0,0,0,0,1,1,0,0,1,0,0
Week_340,0,1,0,1,0,0,0,0,1,1,0,0,0,0,1,1,0,0,1,0,0
Week_341,0,1,0,1,0,0,0,0,1,1,0,0,0,0,1,1,0,0,1,0,0
Week_342,0,1,0,1,0,0,0,0,1,1,0,0,0,0,1,1,0,0,1,0,0
Week_343,0,1,0,1,0,0,0,0,1,1,0,0,0,0,1,1,0,0,1,0,0
Week_344,0,1,0,1,0,0,0,0,1,1,0,0,0,0,1,1,0,0,1,0,0
Week_345,0,1,0,1,0,0,0,0,1,1,0,0,0,0,1,1,0,0,1,0,0
Week_346,0,1,0,1,0,0,0,0,1,1,0,0,0,0,1,1,0,0,1,0,0
Week_347,0,1,0,1,0,0,0,0,1,1,0,0,0,0,1,1,0,0,1,0,0
Week_348,0,1,0,1,0,0,0,0,1,1,0,0,0,0,1,1,0,0,1,0,0
Week_349,0,1,0,1,0,0,0,0,1,1,0,0,0,0,1,1,0,0,1,0,0
Week_350,0,1,0,1,0,0,0,0,1,1,0,0,0,0,1,1,0,0,1,0,0
Week_351,1,0,0,0,1,0,0,0,1,1,0,0,0,1,0,1,0,0,1,0,0
Week_352,1,0,0,0,1,0,0,0,1,1,0,0,0,1,0,1,0,0,1,0,0
Week_353,1,0,0,0,1,0,0,0,1,1,0,0,0,1,0,1,0,0,1,0,0
Week_354,1,0,0,0,1,0,0,0,1,1,0,0,0,1,0,1,0,0,1,0,0
Week_355,1,0,0,0,1,0,0,0,1,1,0,0,0,1,0,1,0,0,1,0,0
Week_356,1,0,0,0,1,0,0,0,1,1,0,0,0,1,0,1,0,0,1,0,0
Week_357,1,0,0,0,1,0,0,0,1,1,0,0,0,1,0,1,0,0,1,0,0
Week_358,1,0,0,0,1,0,0,0,1,1,0,0,0,1,0,1,0,0,1,0,0
Week_359,1,0,0,0,1,0,0,0,1,1,0,0,0,1,0,1,0,0,1,0,0
Week_360,1,0,0,0,1,0,0,0,1,1,0,0,0,1,0,1,0,0,1,0,0
Week_361,1,0,0,0,1,0,0,0,1,1,0,0,0,1,0,1,0,0,1,0,0
Week_362,1,0,0,0,1,0,0,0,1,1,0,0,0,1,0,1,0,0,1,0,0
Week_363,1,0,0,0,1,0,0,0,1,1,0,0,0,1,0,1,0,0,1,0,0
Week_364,1,0,0,0,1,0,0,0,1,1,0,0,0,1,0,1,0,0,1,0,0
Week_365,1,0,0,0,1,0,0,0,1,1,0,0,0,1,0,1,0,0,1,0,0
Week_366,1,0,0,0,1,0,0,0,1,1,0,0,0,1,0,1,0,0,1,0,0
Week_367,1,0,0,0,1,0,0,0,1,1,0,0,0,1,0,1,0,0,1,0,0
Week_368,1,0,0,0,1,0,0,0,1,1,0,0,0,1,0,1,0,0,1,0,0
Week_369,1,0,0,0,1,0,0,0,1,1,0,0,0,1,0,1,0,0,1,0,0
Week_370,1,0,0,0,1,0,0,0,1,1,0,0,0,1,0,1,0,0,1,0,0
Week_371,1,0,0,0,1,0,0,0,1,1,0,0,0,1,0,1,0,0,1,0,0
Week_372,1,0,0,0,1,0,0,0,1,1,0,0,0,1,0,1,0,0,1,0,0
Week_373,1,0,0,0,1,0,0,0,1,1,0,0,0,1,0,1,0,0,1,0,0
Week_374,1,0,0,0,1,0,0,0,1,1,0,0,0,1,0,1,0,0,1,0,0
Week_375,1,0,0,0,1,0,0,0,1,1,0,0,0,1,0,1,0,0,1,0,0
Week_376,1,0,0,0,1,0,0,0,1,1,0,0,0,1,0,1,0,0,1,0,0
Week_377,1,0,0,0,1,0,0,0,1,1,0,0,0,1,0,1,0,0,1,0,0
Week_378,1,0,0,0,1,0,0,0,1,1,0,0,0,1,0,1,0,0,1,0,0
Week_379,1,0,0,0,1,0,0,0,1,1,0,0,0,1,0,1,0,0,1,0,0
Week_380,1,0,0,0,1,0,0,0,1,1,0,0,0,1,0,1,0,0,1,0,0
Week_381,1,0,0,0,1,0,0,0,1,1,0,0,0,1,0,1,0,0,1,0,0
Week_382,1,0,0,0,1,0,0,0,1,1,0,0,0,1,0,1,0,0,1,0,0
Week_383,1,0,0,0,1,0,0,0,1,1,0,0,0,1,0,1,0,0,1,0,0
Week_384,1,0,0,0,1,0,0,0,1,1,0,0,0,1,0,1,0,0,1,0,0
Week_385,1,0,0,0,1,0,0,0,1,1,0,0,0,1,0,1,0,0,1,0,0
Week_386,1,0,0,0,1,0,0,0,1,1,0,0,0,1,0,1,0,0,1,0,0
Week_387,1,0,0,0,1,0,0,0,1,1,0,0,0,1,0,1,0,0,1,0,0
Week_388,1,0,0,0,1,0,0,0,1,1,0,0,0,1,0,1,0,0,1,0,0
Week_389,1,0,0,0,1,0,0,0,1,1,0,0,0,1,0,1,0,0,1,0,0
Week_390,1,0,0,0,1,0,0,0,1,1,0,0,0,1,0,1,0,0,1,0,0
Week_391,1,0,0,0,1,0,0,0,1,1,0,0,0,1,0,1,0,0,1,0,0
Week_392,1,0,0,0,1,0,0,0,1,1,0,0,0,1,0,1,0,0,1,0,0
Week_393,1,0,0,0,1,0,0,0,1,1,0,0,0,1,0,1,0,0,1,0,0
Week_394,1,0,0,0,1,0,0,0,1,1,0,0,0,1,0,1,0,0,1,0,0
Week_395,1,0,0,0,1,0,0,0,1,1,0,0,0,1,0,1,0,0,1,0,0
Week_396,1,0,0,0,1,0,0,0,1,1,0,0,0,1,0,1,0,0,1,0,0
Week_397,1,0,0,0,1,0,0,0,1,1,0,0,0,1,0,1,0,0,1,0,0
Week_398,1,0,0,0,1,0,0,0,1,1,0,0,0,1,0,1,0,0,1,0,0
Week_399,1,0,0,0,1,0,0,0,1,1,0,0,0,1,0,1,0,0,1,0,0
Week_400,1,0,0,0,1,0,0,0,1,1,0,0,0,1,0,1,0,0,1,0,0
Week_401,1,0,0,1,0,0,0,0,1,0,1,0,1,0,0,0,1,0,1,0,0
Week_402,1,0,0,1,0,0,0,0,1,0,1,0,1,0,0,0,1,0,1,0,0
Week_403,1,0,0,1,0,0,0,0,1,0,1,0,1,0,0,0,1,0,1,0,0
Week_404,1,0,0,1,0,0,0,0,1,0,1,0,1,0,0,0,1,0,1,0,0
Week_405,1,0,0,1,0,0,0,0,1,0,1,0,1,0,0,0,1,0,1,0,0
Week_406,1,0,0,1,0,0,0,0,1,0,1,0,1,0,0,0,1,0,1,0,0
Week_407,1,0,0,1,0,0,0,0,1,0,1,0,1,0,0,0,1,0,1,0,0
Week_408,1,0,0,1,0,0,0,0,1,0,1,0,1,0,0,0,1,0,1,0,0
Week_409,1,0,0,1,0,0,0,0,1,0,1,0,1,0,0,0,1,0,1,0,0
Week_410,1,0,0,1,0,0,0,0,1,0,1,0,1,0,0,0,1,0,1,0,0
Week_411,1,0,0,1,0,0,0,0,1,0,1,0,1,0,0,0,1,0,1,0,0
Week_412,1,0,0,1,0,0,0,0,1,0,1,0,1,0,0,0,1,0,1,0,0
Week_413,1,0,0,1,0,0,0,0,1,0,1,0,1,0,0,0,1,0,1,0,0
Week_414,1,0,0,1,0,0,0,0,1,0,1,0,1,0,0,0,1,0,1,0,0
Week_415,1,0,0,1,0,0,0,0,1,0,1,0,1,0,0,0,1,0,1,0,0
Week_416,1,0,0,1,0,0,0,0,1,0,1,0,1,0,0,0,1,0,1,0,0
Week_417,1,0,0,1,0,0,0,0,1,0,1,0,1,0,0,0,1,0,1,0,0
Week_418,1,0,0,1,0,0,0,0,1,0,1,0,1,0,0,0,1,0,1,0,0
Week_419,1,0,0,1,0,0,0,0,1,0,1,0,1,0,0,0,1,0,1,0,0
Week_420,1,0,0,1,0,0,0,0,1,0,1,0,1,0,0,0,1,0,1,0,0
Week_421,1,0,0,1,0,0,0,0,1,0,1,0,1,0,0,0,1,0,1,0,0
Week_422,1,0,0,1,0,0,0,0,1,0,1,0,1,0,0,0,1,0,1,0,0
Week_423,1,0,0,1,0,0,0,0,1,0,1,0,1,0,0,0,1,0,1,0,0
Week_424,1,0,0,1,0,0,0,0,1,0,1,0,1,0,0,0,1,0,1,0,0
Week_425,1,0,0,1,0,0,0,0,1,0,1,0,1,0,0,0,1,0,1,0,0
Week_426,1,0,0,1,0,0,0,0,1,0,1,0,1,0,0,0,1,0,1,0,0
Week_427,1,0,0,1,0,0,0,0,1,0,1,0,1,0,0,0,1,0,1,0,0
Week_428,1,0,0,1,0,0,0,0,1,0,1,0,1,0,0,0,1,0,1,0,0
Week_429,1,0,0,1,0,0,0,0,1,0,1,0,1,0,0,0,1,0,1,0,0
Week_430,1,0,0,1,0,0,0,0,1,0,1,0,1,0,0,0,1,0,1,0,0
Week_431,1,0,0,1,0,0,0,0,1,0,1,0,1,0,0,0,1,0,1,0,0
Week_432,1,0,0,1,0,0,0,0,1,0,1,0,1,0,0,0,1,0,1,0,0
Week_433,1,0,0,1,0,0,0,0,1,0,1,0,1,0,0,0,1,0,1,0,0
Week_434,1,0,0,1,0,0,0,0,1,0,1,0,1,0,0,0,1,0,1,0,0
Week_435,1,0,0,1,0,0,0,0,1,0,1,0,1,0,0,0,1,0,1,0,0
Week_436,1,0,0,1,0,0,0,0,1,0,1,0,1,0,0,0,1,0,1,0,0
Week_437,1,0,0,1,0,0,0,0,1,0,1,0,1,0,0,0,1,0,1,0,0
Week_438,1,0,0,1,0,0,0,0,1,0,1,0,1,0,0,0,1,0,1,0,0
Week_439,1,0,0,1,0,0,0,0,1,0,1,0,1,0,0,0,1,0,1,0,0
Week_440,1,0,0,1,0,0,0,0,1,0,1,0,1,0,0,0,1,0,1,0,0
Week_441,1,0,0,1,0,0,0,0,1,0,1,0,1,0,0,0,1,0,1,0,0
Week_442,1,0,0,1,0,0,0,0,1,0,1,0,1,0,0,0,1,0,1,0,0
Week_443,1,0,0,1,0,0,0,0,1,0,1,0,1,0,0,0,1,0,1,0,0
Week_444,1,0,0,1,0,0,0,0,1,0,1,0,1,0,0,0,1,0,1,0,0
Week_445,1,0,0,1,0,0,0,0,1,0,1,0,1,0,0,0,1,0,1,0,0
Week_446,1,0,0,1,0,0,0,0,1,0,1,0,1,0,0,0,1,0,1,0,0
Week_447,1,0,0,1,0,0,0,0,1,0,1,0,1,0,0,0,1,0,1,0,0
Week_448,1,0,0,1,0,0,0,0,1,0,1,0,1,0,0,0,1,0,1,0,0
Week_449,1,0,0,1,0,0,0,0,1,0,1,0,1,0,0,0,1,0,1,0,0
Week_450,1,0,0,1,0,0,0,0,1,0,1,0,1,0,0,0,1,0,1,0,0
Week_451,0,1,0,1,0,0,0,0,1,1,0,0,1,0,0,1,0,0,1,0,0
Week_452,0,1,0,1,0,0,0,0,1,1,0,0,1,0,0,1,0,0,1,0,0
Week_453,0,1,0,1,0,0,0,0,1,1,0,0,1,0,0,1,0,0,1,0,0
Week_454,0,1,0,1,0,0,0,0,1,1,0,0,1,0,0,1,0,0,1,0,0
Week_455,0,1,0,1,0,0,0,0,1,1,0,0,1,0,0,1,0,0,1,0,0
Week_456,0,1,0,1,0,0,0,0,1,1,0,0,1,0,0,1,0,0,1,0,0
Week_457,0,1,0,1,0,0,0,0,1,1,0,0,1,0,0,1,0,0,1,0,0
Week_458,0,1,0,1,0,0,0,0,1,1,0,0,1,0,0,1,0,0,1,0,0
Week_459,0,1,0,1,0,0,0,0,1,1,0,0,1,0,0,1,0,0,1,0,0
Week_460,0,1,0,1,0,0,0,0,1,1,0,0,1,0,0,1,0,0,1,0,0
Week_461,0,1,0,1,0,0,0,0,1,1,0,0,1,0,0,1,0,0,1,0,0
Week_462,0,1,0,1,0,0,0,0,1,1,0,0,1,0,0,1,0,0,1,0,0
Week_463,0,1,0,1,0,0,0,0,1,1,0,0,1,0,0,1,0,0,1,0,0
Week_464,0,1,0,1,0,0,0,0,1,1,0,0,1,0,0,1,0,0,1,0,0
Week_465,0,1,0,1,0,0,0,0,1,1,0,0,1,0,0,1,0,0,1,0,0
Week_466,0,1,0,1,0,0,0,0,1,1,0,0,1,0,0,1,0,0,1,0,0
Week_467,0,1,0,1,0,0,0,0,1,1,0,0,1,0,0,1,0,0,1,0,0
Week_468,0,1,0,1,0,0,0,0,1,1,0,0,1,0,0,1,0,0,1,0,0
Week_469,0,1,0,1,0,0,0,0,1,1,0,0,1,0,0,1,0,0,1,0,0
Week_470,0,1,0,1,0,0,0,0,1,1,0,0,1,0,0,1,0,0,1,0,0
Week_471,0,1,0,1,0,0,0,0,1,1,0,0,1,0,0,1,0,0,1,0,0
Week_472,0,1,0,1,0,0,0,0,1,1,0,0,1,0,0,1,0,0,1,0,0
Week_473,0,1,0,1,0,0,0,0,1,1,0,0,1,0,0,1,0,0,1,0,0
Week_474,0,1,0,1,0,0,0,0,1,1,0,0,1,0,0,1,0,0,1,0,0
Week_475,0,1,0,1,0,0,0,0,1,1,0,0,1,0,0,1,0,0,1,0,0
Week_476,0,1,0,1,0,0,0,0,1,1,0,0,1,0,0,1,0,0,1,0,0
Week_477,0,1,0,1,0,0,0,0,1,1,0,0,1,0,0,1,0,0,1,0,0
Week_478,0,1,0,1,0,0,0,0,1,1,0,0,1,0,0,1,0,0,1,0,0
Week_479,0,1,0,1,0,0,0,0,1,1,0,0,1,0,0,1,0,0,1,0,0
Week_480,0,1,0,1,0,0,0,0,1,1,0,0,1,0,0,1,0,0,1,0,0
Week_481,0,1,0,1,0,0,0,0,1,1,0,0,1,0,0,1,0,0,1,0,0
Week_482,0,1,0,1,0,0,0,0,1,1,0,0,1,0,0,1,0,0,1,0,0
Week_483,0,1,0,1,0,0,0,0,1,1,0,0,1,0,0,1,0,0,1,0,0
Week_484,0,1,0,1,0,0,0,0,1,1,0,0,1,0,0,1,0,0,1,0,0
Week_485,0,1,0,1,0,0,0,0,1,1,0,0,1,0,0,1,0,0,1,0,0
Week_486,0,1,0,1,0,0,0,0,1,1,0,0,1,0,0,1,0,0,1,0,0
Week_487,0,1,0,1,0,0,0,0,1,1,0,0,1,0,0,1,0,0,1,0,0
Week_488,0,1,0,1,0,0,0,0,1,1,0,0,1,0,0,1,0,0,1,0,0
Week_489,0,1,0,1,0,0,0,0,1,1,0,0,1,0,0,1,0,0,1,0,0
Week_490,0,1,0,1,0,0,0,0,1,1,0,0,1,0,0,1,0,0,1,0,0
Week_491,0,1,0,1,0,0,0,0,1,1,0,0,1,0,0,1,0,0,1,0,0
Week_492,0,1,0,1,0,0,0,0,1,1,0,0,1,0,0,1,0,0,1,0,0
Week_493,0,1,0,1,0,0,0,0,1,1,0,0,1,0,0,1,0,0,1,0,0
Week_494,0,1,0,1,0,0,0,0,1,1,0,0,1,0,0,1,0,0,1,0,0
Week_495,0,1,0,1,0,0,0,0,1,1,0,0,1,0,0,1,0,0,1,0,0
Week_496,0,1,0,1,0,0,0,0,1,1,0,0,1,0,0,1,0,0,1,0,0
Week_497,0,1,0,1,0,0,0,0,1,1,0,0,1,0,0,1,0,0,1,0,0
Week_498,0,1,0,1,0,0,0,0,1,1,0,0,1,0,0,1,0,0,1,0,0
Week_499,0,1,0,1,0,0,0,0,1,1,0,0,1,0,0,1,0,0,1,0,0
Week_500,0,1,0,1,0,0,0,0,1,1,0,0,1,0,0,1,0,0,1,0,0
Week_501,1,0,0,1,0,0,0,1,0,1,0,0,0,1,0,0,1,0,0,1,0
Week_502,1,0,0,1,0,0,0,1,0,1,0,0,0,1,0,0,1,0,0,1,0
Week_503,1,0,0,1,0,0,0,1,0,1,0,0,0,1,0,0,1,0,0,1,0
Week_504,1,0,0,1,0,0,0,1,0,1,0,0,0,1,0,0,1,0,0,1,0
Week_505,1,0,0,1,0,0,0,1,0,1,0,0,0,1,0,0,1,0,0,1,0
Week_506,1,0,0,1,0,0,0,1,0,1,0,0,0,1,0,0,1,0,0,1,0
Week_507,1,0,0,1,0,0,0,1,0,1,0,0,0,1,0,0,1,0,0,1,0
Week_508,1,0,0,1,0,0,0,1,0,1,0,0,0,1,0,0,1,0,0,1,0
Week_509,1,0,0,1,0,0,0,1,0,1,0,0,0,1,0,0,1,0,0,1,0
Week_510,1,0,0,1,0,0,0,1,0,1,0,0,0,1,0,0,1,0,0,1,0
Week_511,1,0,0,1,0,0,0,1,0,1,0,0,0,1,0,0,1,0,0,1,0
Week_512,1,0,0,1,0,0,0,1,0,1,0,0,0,1,0,0,1,0,0,1,0
Week_513,1,0,0,1,0,0,0,1,0,1,0,0,0,1,0,0,1,0,0,1,0
Week_514,1,0,0,1,0,0,0,1,0,1,0,0,0,1,0,0,1,0,0,1,0
Week_515,1,0,0,1,0,0,0,1,0,1,0,0,0,1,0,0,1,0,0,1,0
Week_516,1,0,0,1,0,0,0,1,0,1,0,0,0,1,0,0,1,0,0,1,0
Week_517,1,0,0,1,0,0,0,1,0,1,0,0,0,1,0,0,1,0,0,1,0
Week_518,1,0,0,1,0,0,0,1,0,1,0,0,0,1,0,0,1,0,0,1,0
Week_519,1,0,0,1,0,0,0,1,0,1,0,0,0,1,0,0,1,0,0,1,0
Week_520,1,0,0,1,0,0,0,1,0,1,0,0,0,1,0,0,1,0,0,1,0
Week_521,1,0,0,1,0,0,0,1,0,1,0,0,0,1,0,0,1,0,0,1,0
Week_522,1,0,0,1,0,0,0,1,0,1,0,0,0,1,0,0,1,0,0,1,0
Week_523,1,0,0,1,0,0,0,1,0,1,0,0,0,1,0,0,1,0,0,1,0
Week_524,1,0,0,1,0,0,0,1,0,1,0,0,0,1,0,0,1,0,0,1,0
Week_525,1,0,0,1,0,0,0,1,0,1,0,0,0,1,0,0,1,0,0,1,0
Week_526,1,0,0,1,0,0,0,1,0,1,0,0,0,1,0,0,1,0,0,1,0
Week_527,1,0,0,1,0,0,0,1,0,1,0,0,0,1,0,0,1,0,0,1,0
Week_528,1,0,0,1,0,0,0,1,0,1,0,0,0,1,0,0,1,0,0,1,0
Week_529,1,0,0,1,0,0,0,1,0,1,0,0,0,1,0,0,1,0,0,1,0
Week_530,1,0,0,1,0,0,0,1,0,1,0,0,0,1,0,0,1,0,0,1,0
Week_531,1,0,0,1,0,0,0,1,0,1,0,0,0,1,0,0,1,0,0,1,0
Week_532,1,0,0,1,0,0,0,1,0,1,0,0,0,1,0,0,1,0,0,1,0
Week_533,1,0,0,1,0,0,0,1,0,1,0,0,0,1,0,0,1,0,0,1,0
Week_534,1,0,0,1,0,0,0,1,0,1,0,0,0,1,0,0,1,0,0,1,0
Week_535,1,0,0,1,0,0,0,1,0,1,0,0,0,1,0,0,1,0,0,1,0
Week_536,1,0,0,1,0,0,0,1,0,1,0,0,0,1,0,0,1,0,0,1,0
Week_537,1,0,0,1,0,0,0,1,0,1,0,0,0,1,0,0,1,0,0,1,0
Week_538,1,0,0,1,0,0,0,1,0,1,0,0,0,1,0,0,1,0,0,1,0
Week_539,1,0,0,1,0,0,0,1,0,1,0,0,0,1,0,0,1,0,0,1,0
Week_540,1,0,0,1,0,0,0,1,0,1,0,0,0,1,0,0,1,0,0,1,0
Week_541,1,0,0,1,0,0,0,1,0,1,0,0,0,1,0,0,1,0,0,1,0
Week_542,1,0,0,1,0,0,0,1,0,1,0,0,0,1,0,0,1,0,0,1,0
Week_543,1,0,0,1,0,0,0,1,0,1,0,0,0,1,0,0,1,0,0,1,0
Week_544,1,0,0,1,0,0,0,1,0,1,0,0,0,1,0,0,1,0,0,1,0
Week_545,1,0,0,1,0,0,0,1,0,1,0,0,0,1,0,0,1,0,0,1,0
Week_546,1,0,0,1,0,0,0,1,0,1,0,0,0,1,0,0,1,0,0,1,0
Week_547,1,0,0,1,0,0,0,1,0,1,0,0,0,1,0,0,1,0,0,1,0
Week_548,1,0,0,1,0,0,0,1,0,1,0,0,0,1,0,0,1,0,0,1,0
Week_549,1,0,0,1,0,0,0,1,0,1,0,0,0,1,0,0,1,0,0,1,0
Week_550,1,0,0,1,0,0,0,1,0,1,0,0,0,1,0,0,1,0,0,1,0
Week_551,0,1,0,0,1,0,1,0,0,1,0,0,0,1,0,1,0,0,1,0,0
Week_552,0,1,0,0,1,0,1,0,0,1,0,0,0,1,0,1,0,0,1,0,0
Week_553,0,1,0,0,1,0,1,0,0,1,0,0,0,1,0,1,0,0,1,0,0
Week_554,0,1,0,0,1,0,1,0,0,1,0,0,0,1,0,1,0,0,1,0,0
Week_555,0,1,0,0,1,0,1,0,0,1,0,0,0,1,0,1,0,0,1,0,0
Week_556,0,1,0,0,1,0,1,0,0,1,0,0,0,1,0,1,0,0,1,0,0
Week_557,0,1,0,0,1,0,1,0,0,1,0,0,0,1,0,1,0,0,1,0,0
Week_558,0,1,0,0,1,0,1,0,0,1,0,0,0,1,0,1,0,0,1,0,0
Week_559,0,1,0,0,1,0,1,0,0,1,0,0,0,1,0,1,0,0,1,0,0
Week_560,0,1,0,0,1,0,1,0,0,1,0,0,0,1,0,1,0,0,1,0,0
Week_561,0,1,0,0,1,0,1,0,0,1,0,0,0,1,0,1,0,0,1,0,0
Week_562,0,1,0,0,1,0,1,0,0,1,0,0,0,1,0,1,0,0,1,0,0
Week_563,0,1,0,0,1,0,1,0,0,1,0,0,0,1,0,1,0,0,1,0,0
Week_564,0,1,0,0,1,0,1,0,0,1,0,0,0,1,0,1,0,0,1,0,0
Week_565,0,1,0,0,1,0,1,0,0,1,0,0,0,1,0,1,0,0,1,0,0
Week_566,0,1,0,0,1,0,1,0,0,1,0,0,0,1,0,1,0,0,1,0,0
Week_567,0,1,0,0,1,0,1,0,0,1,0,0,0,1,0,1,0,0,1,0,0
Week_568,0,1,0,0,1,0,1,0,0,1,0,0,0,1,0,1,0,0,1,0,0
Week_569,0,1,0,0,1,0,1,0,0,1,0,0,0,1,0,1,0,0,1,0,0
Week_570,0,1,0,0,1,0,1,0,0,1,0,0,0,1,0,1,0,0,1,0,0
Week_571,0,1,0,0,1,0,1,0,0,1,0,0,0,1,0,1,0,0,1,0,0
Week_572,0,1,0,0,1,0,1,0,0,1,0,0,0,1,0,1,0,0,1,0,0
Week_573,0,1,0,0,1,0,1,0,0,1,0,0,0,1,0,1,0,0,1,0,0
Week_574,0,1,0,0,1,0,1,0,0,1,0,0,0,1,0,1,0,0,1,0,0
Week_575,0,1,0,0,1,0,1,0,0,1,0,0,0,1,0,1,0,0,1,0,0
Week_576,0,1,0,0,1,0,1,0,0,1,0,0,0,1,0,1,0,0,1,0,0
Week_577,0,1,0,0,1,0,1,0,0,1,0,0,0,1,0,1,0,0,1,0,0
Week_578,0,1,0,0,1,0,1,0,0,1,0,0,0,1,0,1,0,0,1,0,0
Week_579,0,1,0,0,1,0,1,0,0,1,0,0,0,1,0,1,0,0,1,0,0
Week_580,0,1,0,0,1,0,1,0,0,1,0,0,0,1,0,1,0,0,1,0,0
Week_581,0,1,0,0,1,0,1,0,0,1,0,0,0,1,0,1,0,0,1,0,0
Week_582,0,1,0,0,1,0,1,0,0,1,0,0,0,1,0,1,0,0,1,0,0
Week_583,0,1,0,0,1,0,1,0,0,1,0,0,0,1,0,1,0,0,1,0,0
Week_584,0,1,0,0,1,0,1,0,0,1,0,0,0,1,0,1,0,0,1,0,0
Week_585,0,1,0,0,1,0,1,0,0,1,0,0,0,1,0,1,0,0,1,0,0
Week_586,0,1,0,0,1,0,1,0,0,1,0,0,0,1,0,1,0,0,1,0,0
Week_587,0,1,0,0,1,0,1,0,0,1,0,0,0,1,0,1,0,0,1,0,0
Week_588,0,1,0,0,1,0,1,0,0,1,0,0,0,1,0,1,0,0,1,0,0
Week_589,0,1,0,0,1,0,1,0,0,1,0,0,0,1,0,1,0,0,1,0,0
Week_590,0,1,0,0,1,0,1,0,0,1,0,0,0,1,0,1,0,0,1,0,0
Week_591,0,1,0,0,1,0,1,0,0,1,0,0,0,1,0,1,0,0,1,0,0
Week_592,0,1,0,0,1,0,1,0,0,1,0,0,0,1,0,1,0,0,1,0,0
Week_593,0,1,0,0,1,0,1,0,0,1,0,0,0,1,0,1,0,0,1,0,0
Week_594,0,1,0,0,1,0,1,0,0,1,0,0,0,1,0,1,0,0,1,0,0
Week_595,0,1,0,0,1,0,1,0,0,1,0,0,0,1,0,1,0,0,1,0,0
Week_596,0,1,0,0,1,0,1,0,0,1,0,0,0,1,0,1,0,0,1,0,0
Week_597,0,1,0,0,1,0,1,0,0,1,0,0,0,1,0,1,0,0,1,0,0
Week_598,0,1,0,0,1,0,1,0,0,1,0,0,0,1,0,1,0,0,1,0,0
Week_599,0,1,0,0,1,0,1,0,0,1,0,0,0,1,0,1,0,0,1,0,0
Week_600,0,1,0,0,1,0,1,0,0,1,0,0,0,1,0,1,0,0,1,0,0
Week_601,0,0,0,0,0,0,0,0,0,0,0,0,0,0,0,0,0,0,0,0,0
Week_602,0,0,0,0,0,0,0,0,0,0,0,0,0,0,0,0,0,0,0,0,0
Week_603,0,0,0,0,0,0,0,0,0,0,0,0,0,0,0,0,0,0,0,0,0
Week_604,0,0,0,0,0,0,0,0,0,0,0,0,0,0,0,0,0,0,0,0,0
Week_605,0,0,0,0,0,0,0,0,0,0,0,0,0,0,0,0,0,0,0,0,0
Week_606,0,0,0,0,0,0,0,0,0,0,0,0,0,0,0,0,0,0,0,0,0
Week_607,0,0,0,0,0,0,0,0,0,0,0,0,0,0,0,0,0,0,0,0,0
Week_608,0,0,0,0,0,0,0,0,0,0,0,0,0,0,0,0,0,0,0,0,0
Week_609,0,0,0,0,0,0,0,0,0,0,0,0,0,0,0,0,0,0,0,0,0
Week_610,0,0,0,0,0,0,0,0,0,0,0,0,0,0,0,0,0,0,0,0,0
Week_611,0,0,0,0,0,0,0,0,0,0,0,0,0,0,0,0,0,0,0,0,0
Week_612,0,0,0,0,0,0,0,0,0,0,0,0,0,0,0,0,0,0,0,0,0
Week_613,0,0,0,0,0,0,0,0,0,0,0,0,0,0,0,0,0,0,0,0,0
Week_614,0,0,0,0,0,0,0,0,0,0,0,0,0,0,0,0,0,0,0,0,0
Week_615,0,0,0,0,0,0,0,0,0,0,0,0,0,0,0,0,0,0,0,0,0
Week_616,0,0,0,0,0,0,0,0,0,0,0,0,0,0,0,0,0,0,0,0,0
Week_617,0,0,0,0,0,0,0,0,0,0,0,0,0,0,0,0,0,0,0,0,0
Week_618,0,0,0,0,0,0,0,0,0,0,0,0,0,0,0,0,0,0,0,0,0
Week_619,0,0,0,0,0,0,0,0,0,0,0,0,0,0,0,0,0,0,0,0,0
Week_620,0,0,0,0,0,0,0,0,0,0,0,0,0,0,0,0,0,0,0,0,0
Week_621,0,0,0,0,0,0,0,0,0,0,0,0,0,0,0,0,0,0,0,0,0
Week_622,0,0,0,0,0,0,0,0,0,0,0,0,0,0,0,0,0,0,0,0,0
Week_623,0,0,0,0,0,0,0,0,0,0,0,0,0,0,0,0,0,0,0,0,0
Week_624,0,0,0,0,0,0,0,0,0,0,0,0,0,0,0,0,0,0,0,0,0
Week_625,0,0,0,0,0,0,0,0,0,0,0,0,0,0,0,0,0,0,0,0,0
Week_626,0,0,0,0,0,0,0,0,0,0,0,0,0,0,0,0,0,0,0,0,0
